mu_px,sig_px,x,xn
-1.379554269929716,0.556121494516984,-1.0115350167091643,-2.3080228135913803
-1.2760243528536903,0.5031602163308032,-1.0466634916794184,-1.7820930463749614
-1.0425375088945352,0.4839577639774294,-1.1666769437137872,-0.32538811541219825
-1.0295159135294034,0.4772951613585436,-0.41214304445636374,-1.8680108813022245
-0.7873581524285626,0.47502291516532796,-0.4925774896797407,-1.4118893233276197
-0.3747959714229959,0.47425271979207384,-0.05340734365207073,-0.19877092380995426
-0.01786139551210783,0.4739922073090975,0.1983387760890488,1.0964674224303759
0.016909012360279484,0.47390415433349975,0.08440450234398199,0.8588698545063821
-0.1913531159388036,0.47387439975225903,0.7884840405402846,-1.5658102557213238
-0.004962588001310047,0.47386434600621474,1.0045512170770456,0.2204201079453154
0.11625024358782951,0.4738609490503726,0.6332479906213411,0.4756008739602562
0.13512477357891092,0.4738598012990263,0.5092344832553041,-0.8441797148369755
0.4386473726949364,0.47385941350211885,0.7999156664234377,0.048956224053543496
0.8603401945998874,0.4738592824752369,0.7633013338541477,0.8509739200826562
1.2956950076512568,0.4738592382045447,0.9161939220839065,2.0360093906885637
1.5336683144139127,0.4738592232465916,1.224783297477258,0.5803921031742806
2.0665797277059608,0.47385921819267574,1.2048848908736658,2.845453064492483
2.4007865493175466,0.4738592164850849,1.598193653462257,3.3362734343562943
2.4952980865844867,0.4738592159081329,2.262135316543908,3.241679270991059
2.4059517426230164,0.47385921571319534,2.4263654772013736,3.3653131919541504
2.0700783764535733,0.47385921564733086,1.883760345480782,3.172605905153338
1.4420392092297896,0.4738592156250769,1.813508970909711,1.168920462037658
0.9112694613825536,0.4738592156175579,1.433845993107702,0.24524078366857238
0.5845242260309946,0.47385921561501737,0.6741227508079453,0.4135577324171832
0.31461593470357907,0.473859215614159,0.11285774845069663,-0.22831318084472557
0.2055698132771254,0.47385921561386896,0.1358575027633717,0.23325043742362545
0.09114441451420019,0.473859215613771,-0.2909477870384727,-0.7670655444321348
0.2258220334603935,0.4738592156137379,-0.08634615561516909,1.0956024269027822
0.11209027608612016,0.4738592156137267,0.10900974094506405,-1.0924283208690335
0.3477790489172837,0.4738592156137229,0.326301641348673,0.5110623965958586
0.5407230171597448,0.47385921561372163,0.45098268149390586,1.2506238835663548
0.535457936587497,0.47385921561372124,0.5005398689952579,0.6745733182964592
0.49682033064020065,0.4738592156137211,-0.2033093892112594,1.1010036343204337
0.28995707548920086,0.4738592156137209,-0.2567691058854707,-0.42527273125429044
0.2934207416750585,0.4738592156137209,0.46964655208652634,0.051403593845411155
0.37054127810995074,0.4738592156137209,0.8311171981100887,0.43061647498646904
0.4350243697677385,0.4738592156137209,0.42881741470679435,1.0650629060883703
0.3230251288396219,0.4738592156137209,0.7222057046171255,-0.10854824008604058
0.3398237584762612,0.4738592156137209,0.7256688076536146,0.7629883678751368
0.23869492059639472,0.4738592156137209,1.1807915658586623,-0.3582859668203293
0.31307733744641575,0.4738592156137209,0.832973907410914,1.414927804211765
0.07311500567288538,0.4738592156137209,0.11960436669594765,-1.2045319746967897
0.20320412994282458,0.4738592156137209,0.8531513416514593,-0.06174128593531236
0.4124253827817148,0.4738592156137209,0.7935602859697529,0.8056309618423445
0.513299069725836,0.4738592156137209,1.0308651884010382,0.6029256268663428
0.5948156863488638,0.4738592156137209,0.11820290679482293,0.7330279594105921
0.6439765835733771,0.4738592156137209,0.8309075659479641,0.3126509055364083
0.7970603141941087,0.4738592156137209,0.3086773591846293,1.1576256435976284
0.8561245945780526,0.4738592156137209,0.46659611436772597,1.2092323819203914
0.8240761111829872,0.4738592156137209,0.4241502171243601,1.860958823607446
0.5029597995492681,0.4738592156137209,0.4350402745108606,0.23616748082869463
0.2653264414106615,0.4738592156137209,0.586870898422897,0.6697418769961367
-0.08576631535284603,0.4738592156137209,0.4137157500890809,-0.7376562859202962
-0.24961608889476058,0.4738592156137209,-0.2184913928071136,-1.5841031764423006
-0.031102760217746956,0.4738592156137209,0.14170888352333183,0.5516959883306951
0.018640209580553447,0.4738592156137209,0.057244941943740094,0.5498171437979893
-0.08483985510524891,0.4738592156137209,-0.1537137390042902,0.0989064995455553
-0.24248580945130827,0.4738592156137209,0.14995836967880066,0.03925076630438343
-0.4846151988013513,0.4738592156137209,-0.48282229803039906,-0.3267282712104315
-0.7785304690736816,0.4738592156137209,-0.23305081073950956,-1.9289358949980835
-0.7500004725608271,0.4738592156137209,-0.5688244817801177,-0.4849750988051121
-0.8075888908740849,0.4738592156137209,-0.8842063168809606,-1.0534969415360964
-0.8044171553159144,0.4738592156137209,-0.5418084235317303,-2.022339506863723
-0.45962373636231574,0.4738592156137209,-0.634762959062694,0.5007583425006508
-0.39814391829567175,0.4738592156137209,-0.4290728563400102,-0.9956943169690098
-0.1690981434439627,0.4738592156137209,0.06553486785344242,-1.4857040437174014
0.43817010136846923,0.4738592156137209,0.7667178121776594,0.9193021350952703
0.9120161125067714,0.4738592156137209,0.834104005796854,2.5469026995549178
0.9251470302661807,0.4738592156137209,1.2535772756242505,0.3502209440667743
1.1161590641337853,0.4738592156137209,1.100640886741747,2.141601370763299
1.0251280106370124,0.4738592156137209,0.8131053579420076,0.15964885170324195
1.1971939207311795,0.4738592156137209,1.038517999195108,2.5879209135279284
0.9827156043938631,0.4738592156137209,0.8990405185835243,0.5246002765268387
0.9131041379426565,0.4738592156137209,1.151615580039165,0.5051191492802587
0.9729900780144898,0.4738592156137209,1.2649954036732651,0.14236795652768897
1.2852386096991626,0.4738592156137209,1.7405674530860522,1.7207796520007077
1.488023442429128,0.4738592156137209,1.633169389048376,2.6274684533636936
1.3805645907676138,0.4738592156137209,1.8065856609776971,1.8049338212800619
1.168083578004312,0.4738592156137209,0.9288319795630827,1.2748603781374428
0.9396290429639677,0.4738592156137209,0.28547191892172963,0.28693711749224693
0.9117070930261284,0.4738592156137209,0.39268283878936405,0.5992129695666085
0.985676838141005,0.4738592156137209,0.565306842452154,1.1276179980885415
1.03119099160049,0.4738592156137209,0.2634844374246287,2.034732072845559
0.7999074344291314,0.4738592156137209,0.4066758918550173,-0.21861973109080057
0.8730693126701137,0.4738592156137209,0.3913699025952617,1.1449207733676687
0.8788096815766645,0.4738592156137209,0.4683498569108461,0.39826881857673246
1.0345725892098159,0.4738592156137209,1.12778349446215,1.0097520805922788
1.2106810798583707,0.4738592156137209,1.013983147427017,2.4217098471333767
1.052333061441518,0.4738592156137209,1.3534816481541119,0.6692950736480806
1.0180481144153781,0.4738592156137209,1.0876048651306531,1.556770719642027
0.8410871147485809,0.4738592156137209,1.0194553020146666,0.5537523886831692
0.7578497884217199,0.4738592156137209,0.49539576851977846,0.2960995146133041
0.8176659140984995,0.4738592156137209,0.6088937410443727,1.6061118621633452
0.660107548581784,0.4738592156137209,0.11557678427670315,0.6325855466261512
0.518906614294492,0.4738592156137209,0.44898803477638277,0.0982655473461323
0.5058395943179792,0.4738592156137209,0.13523223967124315,1.3072884755850351
0.26767049593730685,0.4738592156137209,-0.16005813337375957,0.27239389363589783
0.03154543159008534,0.4738592156137209,-0.022354329612650173,0.27710270925532066
-0.2751209827007576,0.4738592156137209,-0.7101022389992775,0.4117676649531623
-0.7837374460372245,0.4738592156137209,-1.1036673103566843,-1.48978470444919
-1.0983528632699775,0.4738592156137209,-1.6741123275775205,-2.9636181317678414
-0.8880682228483087,0.4738592156137209,-1.8027849573494183,-0.09172651377233754
-0.9191609053820426,0.4738592156137209,-1.6830362474486258,0.21820966924180274
-1.2905522782237675,0.4738592156137209,-1.386351425413573,-1.2754688100243092
-1.682735917965048,0.4738592156137209,-1.8781115640689012,-2.6884350418693126
-1.8057954830365461,0.4738592156137209,-2.1320260027423834,-1.3742579167190558
-2.076524935543532,0.4738592156137209,-2.263087061806075,-2.9081376527983593
-2.1334396999408134,0.4738592156137209,-2.4756273947252803,-3.150044005611643
-1.9238193068287108,0.4738592156137209,-1.8244470233405012,-2.188928699593802
-1.6621060218277453,0.4738592156137209,-1.4003600916200734,-1.8387030883998987
-1.370538829628673,0.4738592156137209,-0.9879389141773002,-0.9731070298300223
-1.2112453689774012,0.4738592156137209,-0.452543008858503,-1.4971662066059501
-0.9847721740155091,0.4738592156137209,-0.4092067647691099,-0.03606390156455763
-1.0449274530743138,0.4738592156137209,-0.18547926879620397,-2.585378197641391
-0.6733433181184297,0.4738592156137209,-0.7305932567287954,-0.6095621632296532
-0.32876066633102546,0.4738592156137209,-0.4750096578483284,0.46191797843575455
-0.21679673190494353,0.4738592156137209,-0.2920569549929798,-0.8125568891804441
0.06452531549556596,0.4738592156137209,0.23632815349322894,0.8756024937734779
0.11234368494504868,0.4738592156137209,0.3056067751719479,0.27250401214006414
0.1153213553277967,0.4738592156137209,0.8309228698335496,-0.07788377278461822
0.17558578253401144,0.4738592156137209,0.026861184389615045,0.28306784392643247
0.2070339554826144,0.4738592156137209,-0.2954531077931465,-0.4975983137249691
0.444691367827509,0.4738592156137209,0.49662527120322936,1.3938366222436893
0.4137975833729968,0.4738592156137209,0.08125893233654552,1.2238646329764225
0.1541397663279235,0.4738592156137209,0.04339231998651184,-0.1532180582314579
-0.01475751727219326,0.4738592156137209,0.058004007848512326,0.9736462935275458
-0.46939890378170085,0.4738592156137209,-0.7954520727110712,-1.1328831757600666
-0.7383330140817962,0.4738592156137209,-1.2907454220023413,-0.1988720486525568
-1.1725231548269852,0.4738592156137209,-1.8374355075140834,-2.490045406221726
-1.2410042162080401,0.4738592156137209,-2.081430054938284,-1.6728413908035482
-1.2005283461460878,0.4738592156137209,-2.0533074222473844,-0.23851438239636757
-1.4532725993814646,0.4738592156137209,-1.8126437833210267,-2.7792681012663882
-1.3414350049272292,0.4738592156137209,-2.0276132258091435,-0.707271047756562
-1.4298939510308044,0.4738592156137209,-1.8475524169107553,-1.345554294322091
-1.5609281677218636,0.4738592156137209,-1.8927245888530821,-2.722987061088311
-1.37611381124621,0.4738592156137209,-1.766731514050985,-0.6167221069970084
-1.4282167089493492,0.4738592156137209,-0.8223426478729401,-2.095546764289226
-1.3057113382462422,0.4738592156137209,-0.6939323822305569,-0.8153429554473048
-1.3415041248075885,0.4738592156137209,-0.28362583807104935,-2.316925047619022
-1.1125749811636094,0.4738592156137209,-0.7687097854103779,-0.34478390906676615
-1.1196336836749932,0.4738592156137209,-0.49598678171646343,-1.401764189902597
-1.0594410724948358,0.4738592156137209,-0.8561057683287587,-0.7540148867721336
-1.1009795045113484,0.4738592156137209,-1.1171674214390974,-2.0234283724394913
-0.8900370070208056,0.4738592156137209,-1.2352113653066432,-0.4658156155863451
-0.8129889677916043,0.4738592156137209,-1.476241327428593,-0.43869137541755254
-0.8544309130839911,0.4738592156137209,-0.6742924501506244,-1.3493484921539993
-0.7637687719289398,0.4738592156137209,-0.9792854574431116,-1.6833914702692199
-0.4171479847690309,0.4738592156137209,-1.1790910108119854,-0.2268834917817757
-0.13080800173359858,0.4738592156137209,-0.3711109027460686,0.4846231687883744
-0.02393579051937459,0.4738592156137209,-0.17596454110653195,0.5801346358487339
-0.09188819387228425,0.4738592156137209,-0.019048052742362764,0.6261649142469315
-0.36846087732847355,0.4738592156137209,-0.5246913980948745,-1.4606879848929522
-0.3341743445788691,0.4738592156137209,-0.7756848577996533,-0.8000737840568274
-0.1695420364465816,0.4738592156137209,-0.4727727345147683,-0.5312679832382929
0.09743617226136538,0.4738592156137209,-0.8472493107636303,1.1353176227454682
0.06580460413898653,0.4738592156137209,-0.10436859134924825,0.17224300764987882
0.004260291185500027,0.4738592156137209,-0.15760176236746393,-0.48027885043408564
0.0827566833534109,0.4738592156137209,-0.5506303676878346,-0.6287784090120837
0.36787397389546833,0.4738592156137209,-0.5478075840880523,0.7985891773964491
0.5332395879382937,0.4738592156137209,-0.42236905354847226,-0.8229930335871589
1.097220014751532,0.4738592156137209,0.6092020634379564,1.9875238961765844
1.4179585286664416,0.4738592156137209,1.318617886729995,1.541855222379388
1.7209595098829593,0.4738592156137209,2.019998048477694,3.119727263858767
1.6417631378667235,0.4738592156137209,1.8993200228973126,1.6784628038908067
1.5728710543353062,0.4738592156137209,1.6978530003724912,1.6175698369124303
1.5110949562006182,0.4738592156137209,2.03069990151751,1.0546796564870375
1.6004232134422223,0.4738592156137209,1.7992258394075746,3.2262232128939754
1.240428080651405,0.4738592156137209,1.7219942458047603,0.045446052664632974
1.241467136443438,0.4738592156137209,1.680833820546637,1.3394840170219335
1.22999797064435,0.4738592156137209,1.183133429264716,1.298971943927069
1.2142652103885727,0.4738592156137209,0.7713007652955031,0.29832403832916754
1.4786167819762723,0.4738592156137209,0.8152904864465349,1.1940433352993731
1.844012906401746,0.4738592156137209,0.9623070131082863,3.489940412964571
1.7573726719121086,0.4738592156137209,1.8669358044575508,1.4367197796038527
1.7857503934170207,0.4738592156137209,1.909031210667814,2.452643297244035
1.6441991602437946,0.4738592156137209,1.8653720564083656,2.6796188091789945
1.2244466560205711,0.4738592156137209,1.766066978732543,0.9383961236937802
0.9029287109755268,0.4738592156137209,1.526326425978103,0.9175281475917543
0.5886912541567851,0.4738592156137209,0.40033243487600323,-0.9615410399797909
0.7298225044918047,0.4738592156137209,1.0475898136745667,0.8752204555516055
0.8382412934393083,0.4738592156137209,1.062173868744649,1.581343822035825
0.7426476121153734,0.4738592156137209,0.6576583155647718,0.7992355537779365
0.6401625697961161,0.4738592156137209,0.6294319539301241,0.8289954624758855
0.4912746583385119,0.4738592156137209,0.5008535620590466,0.2549808329258823
0.41690968629024977,0.4738592156137209,0.37753957020469403,0.22133160512491645
0.4043576133093752,0.4738592156137209,-0.02693121008323418,1.0193589469061792
0.21927702538755933,0.4738592156137209,0.028368514752063253,-0.19452292390074247
0.1565382718719407,0.4738592156137209,0.20365441814204785,0.03638862631623671
0.13050495714014,0.4738592156137209,0.382255013096775,-0.3854530680224426
0.2551971281532386,0.4738592156137209,1.2379946296525632,0.6806532835016186
0.26022211034566306,0.4738592156137209,1.0818782649696796,0.03687551165044334
0.3330871534584267,0.4738592156137209,0.7404736592735779,0.6523974507459567
0.3179431156651158,0.4738592156137209,0.905761506965278,-1.5963758492941393
0.8599069032828841,0.4738592156137209,0.4769821118648875,2.3546217527511
0.9809885221976922,0.4738592156137209,0.43468373848250974,1.1087116609141145
1.0776625231629875,0.4738592156137209,1.289242813409394,2.282262507420509
0.8400434048023917,0.4738592156137209,0.793475836847769,0.7357051945055842
0.6432658065829318,0.4738592156137209,0.6047832277875527,-0.007445914339303528
0.6426746578152203,0.4738592156137209,0.6612183110587108,0.5902962017544727
0.66540012920736,0.4738592156137209,0.4442976228236679,0.08768171386740553
0.8635056877689425,0.4738592156137209,0.748248515142857,0.6049576220509427
1.1473037593001254,0.4738592156137209,1.4573890710762953,1.2338133169977652
1.4207190234235567,0.4738592156137209,1.8525589497497361,1.4928605616190094
1.691384303357128,0.4738592156137209,1.6009192026823487,0.9557524131505034
2.1961172920888155,0.4738592156137209,2.323393636865671,3.6184251065233433
2.3179029574238355,0.4738592156137209,2.7806984655327884,3.258031595057369
2.197596824149342,0.4738592156137209,2.4469863032498997,2.8777361270110875
1.9087794312366886,0.4738592156137209,2.4350002437375338,1.9067585893879078
1.644853251651696,0.4738592156137209,1.6549224003138825,1.2790670205422607
1.5075514576907845,0.4738592156137209,1.7646497756500232,1.642738168937502
1.3503912953131154,0.4738592156137209,1.197655904014209,0.28046155709133147
1.519537244539165,0.4738592156137209,1.864654677156215,2.526310564284383
1.4171705211951362,0.4738592156137209,1.9025682758473135,1.3697726257064797
1.346544331003482,0.4738592156137209,1.0724284088564235,0.6379438062806593
1.4977849458895358,0.4738592156137209,0.9034469308847053,1.4139351983909947
1.6923238523173323,0.4738592156137209,1.1309177567555633,0.3582169078539884
2.2938456974042003,0.4738592156137209,1.3939490318943761,4.345750956275333
2.331770020443975,0.4738592156137209,1.973697460186408,2.1852295192211506
2.441724789099522,0.4738592156137209,2.8749758002811374,3.5793863990509376
2.2540960328585045,0.4738592156137209,2.1959524552196554,2.427182859181296
2.045166205582825,0.4738592156137209,1.3078416293683164,2.3626941655922202
1.7705447214188104,0.4738592156137209,0.7543713803061735,0.9461148063345043
1.756653332008907,0.4738592156137209,1.2050026789346102,1.9841665478988428
1.6994020487877328,0.4738592156137209,1.0379457598086068,1.8345838074203862
1.6247369521124888,0.4738592156137209,0.7693512345101503,2.280049901558227
1.3814379955400353,0.4738592156137209,0.41081939749559265,0.738789220186824
1.3413963163453746,0.4738592156137209,0.6503872583394438,2.3939573800639544
1.0143450547158832,0.4738592156137209,0.5442392915846336,-0.022849210631739836
0.9998630318209597,0.4738592156137209,1.0625669490802372,1.1988714269969931
0.94061898285801,0.4738592156137209,1.5478797276474159,0.6357611356233789
0.9814286388578366,0.4738592156137209,1.3813904592864348,1.9920518308894586
0.7427608177936444,0.4738592156137209,0.3237702770422708,-0.58649482950179
0.8975821404893572,0.4738592156137209,0.6259611961849078,2.462326616680071
0.6117690639500771,0.4738592156137209,-0.01608132592979583,0.4462417843456475
0.3815684575533176,0.4738592156137209,0.267903716716184,0.30523721696706907
0.17827952305812972,0.4738592156137209,0.05463752021867385,0.1546914530247035
-0.015924364206996288,0.4738592156137209,0.18755096476335095,-0.4216179721369505
-0.09312356634303973,0.4738592156137209,-0.4619683094697131,-0.22390164094937984
-0.1337260309487077,0.4738592156137209,-0.03327725568609158,0.5434080043099692
-0.3716597787305176,0.4738592156137209,-0.32449702664670305,-1.2921764234244388
-0.3483832960646985,0.4738592156137209,-0.8311952549088997,-1.5205866562811163
0.0091137311914093,0.4738592156137209,-0.5319378744200504,0.9799611793731559
0.08624278957509164,0.4738592156137209,0.31301316549971203,-0.2128121625246372
0.2508689934960061,0.4738592156137209,1.0401279161515644,0.6707033699570425
0.2973970597254012,0.4738592156137209,0.8639212351818235,0.22669460855124568
0.36813872276830373,0.4738592156137209,0.7093623082256739,0.5465715636952225
0.39201806643569614,0.4738592156137209,0.39564550635932894,-0.9536168914702712
0.8096521026714495,0.4738592156137209,0.42659417177646164,2.8656918307772243
0.6435936575446214,0.4738592156137209,-0.01757835176901601,0.6345142493792969
0.48835416413923116,0.4738592156137209,0.37548404285819165,0.7651386570462377
0.2593688162800672,0.4738592156137209,-0.22296072258067579,0.03820889443528008
0.09758091814898631,0.4738592156137209,-0.14703938125863347,-0.8124485659023184
0.19994899520855453,0.4738592156137209,-0.03348392058565815,-0.11409573251127877
0.3955928530263285,0.4738592156137209,-0.1918807740982926,1.0572583349826274
0.405115010468823,0.4738592156137209,-0.37702597843402763,0.7484312292477323
0.320609862764075,0.4738592156137209,0.011359007274784949,-0.021789896994952186
0.3391090032139006,0.4738592156137209,-0.03289154133819703,0.7935568006409381
0.23063366128372448,0.4738592156137209,0.2273537182384098,1.360421200958753
-0.20130750822938853,0.4738592156137209,0.1631175719914098,-0.26390389156396754
-0.6177277362121423,0.4738592156137209,-0.32172388237639543,-1.8158840340194802
-0.6958594208535991,0.4738592156137209,0.031004434412186754,-0.5664782616524684
-0.8202315804798743,0.4738592156137209,-0.2706150405795793,-2.1171020374016534
-0.5803748339145934,0.4738592156137209,-0.1268898216905704,-0.8106095619209187
-0.28139259579901693,0.4738592156137209,0.6121739390092213,-0.16104368754314247
-0.020763323923650514,0.4738592156137209,0.6038482331755429,0.7021917229490248
0.030735207120499257,0.4738592156137209,0.370267885404287,0.1138666847522613
0.0586079213205006,0.4738592156137209,0.21569306853648634,0.6861347272822755
-0.09406952281898437,0.4738592156137209,0.09919033801899682,-2.1448468212309115
0.34453776154804727,0.4738592156137209,0.6589038518612497,1.7853214277022103
0.3712809647147836,0.4738592156137209,1.2202985450415629,0.6542571992807855
0.32099860937319585,0.4738592156137209,0.30454431412544547,1.269075761413336
0.0008984716122591639,0.4738592156137209,0.0008815022266085437,-0.34314837924949443
-0.21979289218012882,0.4738592156137209,-0.126374486935166,0.41818864359070135
-0.6276001516969533,0.4738592156137209,-0.03944634950721458,-1.1824222090556578
-0.8831079588220545,0.4738592156137209,-0.8015055860599433,-0.9359350010086406
-1.1345996471404025,0.4738592156137209,-0.5776951581374767,-2.0688846909773275
-1.1306189953348331,0.4738592156137209,-0.4834198365864135,-1.8359313021353458
-0.9372669977349135,0.4738592156137209,-0.2740012157698557,-1.7032044723888913
-0.5345664123791897,0.4738592156137209,-0.19010279337982167,0.6787237621942992
-0.48920055047419564,0.4738592156137209,-0.4068198034613214,-0.8148866626187408
-0.3559716223407698,0.4738592156137209,0.12249797057844253,0.22001141594453916
-0.39368099807726986,0.4738592156137209,0.022434622719656072,-0.44605501347038795
-0.4212725226464146,0.4738592156137209,0.5689504563279524,-1.4706374234524788
-0.1510605269286632,0.4738592156137209,0.4377098640627806,-0.13853693921958915
0.11360964186162016,0.4738592156137209,0.42504182615981767,0.5818906900222369
0.2444371889217041,0.4738592156137209,0.1679298063829149,0.6441391849013334
0.2629010656727571,0.4738592156137209,0.2639092477157639,-0.09824868572239942
0.3890513293940792,0.4738592156137209,0.7411836218221817,-0.2889145536431288
0.7160246461246793,0.4738592156137209,1.3954217818068009,1.918628564969325
0.70467623681064,0.4738592156137209,0.6961275477261162,2.9461597665540564
0.05472263087947198,0.4738592156137209,0.40332667980589587,-0.67035705106569
-0.38505395829519135,0.4738592156137209,0.6271137433016315,-1.4808401050138764
-0.513154406952665,0.4738592156137209,-0.24607592900135988,-0.12785721778343145
-0.7591044463497575,0.4738592156137209,-0.5337561118558412,-0.14994824331343987
-1.1907104295288997,0.4738592156137209,-1.2135276800410035,-1.474692758524614
-1.5554352234384285,0.4738592156137209,-1.3026665529060595,-2.8061525074311207
-1.5786275189601233,0.4738592156137209,-1.4780559606580423,-1.9005358319339098
-1.5289215020109654,0.4738592156137209,-1.524740491975293,-1.004588889247149
-1.6501685983172956,0.4738592156137209,-1.9016100495067478,-2.4142151564858816
-1.5716918604364953,0.4738592156137209,-1.2609619472678992,-2.159393157106913
-1.343439197441955,0.4738592156137209,-1.0387043590754332,-1.781220786188892
-1.00581668354052,0.4738592156137209,-0.6803461583763057,-0.7924869383536388
-0.7426350824629226,0.4738592156137209,-0.3574585800177768,-1.02011051444569
-0.40874615424391814,0.4738592156137209,-0.6707418476658484,0.04851720938913928
-0.21216871575731694,0.4738592156137209,-0.48475038224171413,0.851213186902491
-0.3255109655000805,0.4738592156137209,-0.13333947285536818,-0.3713159503099737
-0.4297650866985876,0.4738592156137209,-0.048352469332387,-1.2358742109286893
-0.3066019836245446,0.4738592156137209,0.5767445782266079,0.4455501064194578
-0.40464485014911744,0.4738592156137209,-0.18082640247055104,1.4354580824152663
-1.0394581608557942,0.4738592156137209,-0.46400666972821303,-2.5892631708212006
-1.2397599017552345,0.4738592156137209,-0.19991238588020668,-3.363578550899404
-0.8422646121279608,0.4738592156137209,0.22956249139398258,0.4205637389472515
-0.8203343286688707,0.4738592156137209,-0.3952216375806853,-0.7165604535959897
-0.838831539786324,0.4738592156137209,-0.5895498496813361,-0.6996782869423109
-0.9082131266603817,0.4738592156137209,-0.7446899485162757,-2.2526248028721754
-0.6007512477513332,0.4738592156137209,-0.8775328989563327,-0.5256808472816221
-0.3226279623869298,0.4738592156137209,-0.33674080635170633,0.6054292457871442
-0.31673484167347155,0.4738592156137209,-0.31889026104965884,-0.7846917014647092
-0.17967946010829677,0.4738592156137209,-0.7368448099085179,0.4963100580555353
-0.24020989802820975,0.4738592156137209,-0.8404836691538148,-1.5389397897231623
0.0714120673094175,0.4738592156137209,-0.42691854247346006,1.517484445199494
-0.03383611424323686,0.4738592156137209,-0.5338756862632792,0.8016633388948311
-0.38089630996618223,0.4738592156137209,-0.8868814240409444,-1.2658643004938592
-0.47713413119154907,0.4738592156137209,-0.6872825880817145,-0.8694298683122696
-0.46611128015944137,0.4738592156137209,-0.4453251288910951,0.3935433097984192
-0.7093838309229753,0.4738592156137209,-0.4894320544323484,-1.6273399373717679
-0.6964866589062545,0.4738592156137209,-0.35782695323954483,-1.5506149400663978
-0.4456957912297998,0.4738592156137209,0.1558294432512326,0.05585631328787492
-0.34548224904984604,0.4738592156137209,-0.5255044785891081,-0.6671878965221012
-0.15672543952192344,0.4738592156137209,-0.13172643242530857,-0.06198174739067376
0.0026634899250786367,0.4738592156137209,-0.3937742936585905,1.6159626745976103
-0.3040060996936725,0.4738592156137209,-0.08230558868645521,-0.5729951472753999
-0.5368344057095149,0.4738592156137209,-0.8291133013181093,-0.918680633032392
-0.6661812235885906,0.4738592156137209,-0.7734568412280113,-0.5817723191173249
-0.8283978074274901,0.4738592156137209,-1.362282555796605,-1.8543092793166582
-0.7047712591861995,0.4738592156137209,-1.6531352338507712,-0.6024236939033878
-0.6196884959384119,0.4738592156137209,-1.2813686731005867,-0.9064895333096407
-0.45963851351693435,0.4738592156137209,-0.6938471690412802,-0.10456299183905027
-0.4080253901777323,0.4738592156137209,-0.858411398706905,0.25877052343562956
-0.5542498697983644,0.4738592156137209,-1.170217587004593,-1.412829662789086
-0.4594832671196616,0.4738592156137209,-0.7438581127460139,-0.5865232490353731
-0.33386529865749653,0.4738592156137209,-0.7597578006321364,-0.4823443342098698
-0.16960240106984292,0.4738592156137209,-0.7568727487574767,0.37842997392947186
-0.16582936069232632,0.4738592156137209,-0.43181338360907295,-0.2993552317253567
-0.1255915998360965,0.4738592156137209,-0.024401790150038793,-1.4400649120623212
0.2928065473822671,0.4738592156137209,0.9001316270311099,0.7655713620172478
0.578348669681003,0.4738592156137209,1.1630366460006594,1.8809687396459192
0.49492052444369516,0.4738592156137209,0.31833430329754164,1.0623233714071163
0.2538686457264066,0.4738592156137209,0.06053104546771379,-0.6990048608910198
0.29134090225214443,0.4738592156137209,-0.2812493145706521,1.4417150233898488
0.00017281357633762223,0.4738592156137209,-0.3341663690946538,-0.7399442922528463
-0.0771685159863852,0.4738592156137209,-0.9117398664885608,-1.4849392323227075
0.25122140113715646,0.4738592156137209,0.2499564883772155,0.5249724221015908
0.5037220826310853,0.4738592156137209,0.9892509917656289,0.912405105418889
0.6445662850369871,0.4738592156137209,0.27197346873236383,0.6420652727791916
0.794341284514472,0.4738592156137209,0.7670836129660917,1.7073774408791607
0.6904498581295788,0.4738592156137209,0.5405824650776052,1.344707848480299
0.4063316637865116,0.4738592156137209,0.02380864825986373,0.7381132801668073
0.031534078080766886,0.4738592156137209,-0.4438624902298426,-0.5332804093147017
-0.17968342402104676,0.4738592156137209,-0.1774118898193195,0.5090463597249311
-0.5921675401751247,0.4738592156137209,-0.8262689320943097,-1.1452996338897836
-0.8523892281239637,0.4738592156137209,-0.6867808892767054,-0.9610573342644887
-1.0920707691577203,0.4738592156137209,-0.47169920429980206,-2.2258882875588437
-1.018092179299615,0.4738592156137209,-0.6134413431530743,-1.0180585866045808
-0.9570882041346676,0.4738592156137209,-0.39037787706507854,-1.2260626320043504
-0.8305638525783956,0.4738592156137209,-0.4182574689249364,-0.17485103387187095
-0.9040559492313692,0.4738592156137209,-0.0784166844282333,-0.6275065238979534
-1.0689576544970307,0.4738592156137209,-0.5075200363755712,-2.28958268551052
-0.8948256498140703,0.4738592156137209,-1.208844905139339,-0.34734304262434523
-0.8902600368367085,0.4738592156137209,-1.0702365019048745,-0.19850201476745244
-1.096884763432157,0.4738592156137209,-1.289647561026685,-1.0373019548293125
-1.3346916387898964,0.4738592156137209,-0.8490251728653009,-2.504995451110183
-1.2513869188989621,0.4738592156137209,-0.8165118801508862,-0.8625185856148168
-1.296364548665077,0.4738592156137209,-0.44243673823754437,-0.25767946592683355
-1.6579335051460045,0.4738592156137209,-0.7868363208438305,-3.700789415150881
-1.4504213212693822,0.4738592156137209,-0.8625142202549304,-1.2696037891169172
-1.3136188884162852,0.4738592156137209,-0.9211578714530578,-1.0328445133119284
-1.274662264305424,0.4738592156137209,-0.38186542745860363,-0.31392076877768454
-1.5295021987469157,0.4738592156137209,-0.7536460908705409,-2.6008314435496658
-1.494305740454778,0.4738592156137209,-1.0832441968314512,-1.7395427731662063
-1.407287995293159,0.4738592156137209,-1.1142115711550702,-2.4476412173535245
-1.0376266896500084,0.4738592156137209,0.03907361384514729,-0.19562379306111927
-0.9244390700903139,0.4738592156137209,-0.20698075464230875,-1.2782181222698386
-0.7208147057275439,0.4738592156137209,-0.7386296140125388,-0.24166160591007652
-0.664799957145493,0.4738592156137209,-0.8335750296928084,-0.23584950094640345
-0.7411776393741213,0.4738592156137209,-1.0423800037785182,-1.5481516480942048
-0.5938539143236461,0.4738592156137209,-1.0790982619078682,0.4661026432402149
-0.7603208490984615,0.4738592156137209,-0.6206798555124429,-0.3789106797107745
-1.0466619343989692,0.4738592156137209,-0.9050560854936186,-1.1180380391460356
-1.325710738722998,0.4738592156137209,-1.393185005193352,-1.9289849769400247
-1.4473520455242916,0.4738592156137209,-1.7815135115748717,-2.1094573468569355
-1.3961382279381458,0.4738592156137209,-1.3759376529000984,-1.8725911405134603
-1.2250532635922913,0.4738592156137209,-1.336161923275528,-1.7997843901604116
-0.9035252648917229,0.4738592156137209,-0.9473767541721912,-0.20284227840563984
-0.7959350112187613,0.4738592156137209,-0.03863270978828748,-0.8664130859864276
-0.6781190375439836,0.4738592156137209,0.32550474570756127,0.09017630888539216
-0.7909040126161284,0.4738592156137209,0.2126060694342914,-2.43413951341621
-0.43901953602475846,0.4738592156137209,0.1116962445128815,0.12247645324454122
-0.2549455371805207,0.4738592156137209,-0.42823668109258817,0.536971032079524
-0.3029079001619852,0.4738592156137209,-0.8486455131037038,-0.2988145001938235
-0.3559102575613304,0.4738592156137209,-0.8856755355989525,-0.1249060241679939
-0.48018355754011244,0.4738592156137209,-0.8383024783624029,0.7102866157691712
-0.9545061976213837,0.4738592156137209,-0.49885737689442466,-2.6789123565919066
-0.9427920589068008,0.4738592156137209,-0.7295568961920569,-1.5909626005230406
-0.7558233104464127,0.4738592156137209,-1.1009342786715277,-0.7255568795224827
-0.5872237700215914,0.4738592156137209,-0.831421884613588,0.15890628915655935
-0.6416639782087282,0.4738592156137209,-1.037031898321446,-0.8719885728682739
-0.6377332192880031,0.4738592156137209,-0.7054212600584011,-0.37190964871635007
-0.7187218103940728,0.4738592156137209,-0.697056844582466,-1.3014540783444606
-0.6405079011056855,0.4738592156137209,0.12054249323805266,0.7274235192141576
-0.9656546721523598,0.4738592156137209,-0.4892528322135282,-2.2412389785008933
-0.934574134305336,0.4738592156137209,-0.5744379741869976,-2.073657928017975
-0.5863063618281137,0.4738592156137209,-0.8616871933011772,-0.3662630458612861
-0.3090768354016603,0.4738592156137209,-0.29461514198234434,0.280802019711823
-0.20620302072737523,0.4738592156137209,-0.4237611011158266,0.3139297565463774
-0.2562247824268679,0.4738592156137209,-0.9428795155578704,-0.17281355890580474
-0.33360747747235664,0.4738592156137209,-0.482251501963376,-0.02288759120260453
-0.505007461219161,0.4738592156137209,-1.0457215050467537,-0.6133201217172617
-0.651546250443332,0.4738592156137209,-1.260290934539059,-1.54429737029926
-0.5484606649749706,0.4738592156137209,-1.1090150119048907,-0.05155083081860168
-0.595919884216896,0.4738592156137209,-1.3131715434561728,-1.4434872021853256
-0.40610024292132507,0.4738592156137209,-1.0077053111267378,-0.6072453012778083
-0.16333999911608815,0.4738592156137209,-1.210619068492886,0.7933378800261277
-0.1990501597151579,0.4738592156137209,-1.231458452341355,-0.9143016019522775
-0.030654418038499536,0.4738592156137209,-0.8391666521108139,0.43233686843453123
0.0035898150883998023,0.4738592156137209,0.08074800374400448,-0.6276619937316957
0.22025244164105204,0.4738592156137209,0.21434965200828937,1.0011345190165675
0.21411805706073084,0.4738592156137209,-0.03099643797354351,-0.7506779895156246
0.4894461012124049,0.4738592156137209,0.25959600496988056,1.221168123224167
0.559607838714504,0.4738592156137209,0.9907545553224668,0.11229454515079207
0.7661275774606762,0.4738592156137209,0.7773906034387857,2.3952524088799687
0.5117390111700911,0.4738592156137209,0.17560025765293075,0.0902307478697363
0.385643621809052,0.4738592156137209,0.18733817499081948,2.16672906254842
-0.2501077414973085,0.4738592156137209,-0.009033834454497291,-1.4835861975408882
-0.5326843022455643,0.4738592156137209,-0.5862738827054284,-0.26286959090474454
-0.8999955321270813,0.4738592156137209,-1.41287564233146,-0.9270138758153716
-1.2709619960636804,0.4738592156137209,-1.3206630103445862,-3.979450819730163
-0.8756138257487487,0.4738592156137209,-1.230377308040062,0.7792763985543278
-0.9695245266084496,0.4738592156137209,-0.867733265869574,-1.2086366123195922
-1.006700642961574,0.4738592156137209,-1.1226545462207853,-1.7685728032990626
-0.8365868705839844,0.4738592156137209,-1.5226711818704788,-0.7025882520278445
-0.7158396824263147,0.4738592156137209,-0.8285492850803281,-1.205316484293041
-0.4627953910743989,0.4738592156137209,-0.4866278950383233,-1.2457455778666653
0.010554734738753768,0.4738592156137209,0.3685574424590495,2.2581098837573466
-0.16529376593321213,0.4738592156137209,0.29882331586065686,0.3398818086427219
-0.4891956521042193,0.4738592156137209,0.2302653538563113,-0.8038262493870352
-0.7284284185148064,0.4738592156137209,-0.655826639409968,-0.5465304299099218
-1.0294888576790804,0.4738592156137209,-0.8543875439644537,-0.5316196065103398
-1.4874969437170973,0.4738592156137209,-1.5401400699315082,-2.5014037931614013
-1.6715234172255815,0.4738592156137209,-1.6165392545744888,-1.9621747824948175
-1.792864894225449,0.4738592156137209,-1.3637733586520029,-2.076728496816638
-1.8550276274923467,0.4738592156137209,-1.3583889358825276,-1.9727206617593045
-1.9068109676388554,0.4738592156137209,-0.9870368615272364,-2.897739727556817
-1.696590972551468,0.4738592156137209,-1.0156862312954817,-2.740454747845808
-1.2063973286728578,0.4738592156137209,-0.3650228542031536,-1.4164327405944959
-0.670885997151276,0.4738592156137209,-0.2871021058653518,-0.7789229370769385
-0.11270551115081201,0.4738592156137209,0.1733263927218256,1.3623913699610315
0.01787481566223682,0.4738592156137209,-0.03800190132829431,0.36100816154709947
0.04954935462610182,0.4738592156137209,0.07438146153857575,1.0505216762872922
-0.20733241558424714,0.4738592156137209,0.11001027062359248,-1.1466164228499731
-0.19548931527034644,0.4738592156137209,0.009434462723253614,-0.31775183551509645
-0.1508132535701581,0.4738592156137209,-0.6233352798279315,1.390816899988753
-0.5534445219584427,0.4738592156137209,-0.821255387017838,-0.4833489254385174
-0.9833747030778682,0.4738592156137209,-1.0042245019247933,-2.3079124333651047
-1.0431602744904716,0.4738592156137209,-1.1684995742097792,-0.24462824807226968
-1.346930987496189,0.4738592156137209,-0.8369803793228641,-2.6821655584784265
-1.2820964179563274,0.4738592156137209,-0.708114434854725,-3.6493869849990137
-0.5496633609229783,0.4738592156137209,0.12260652891113188,0.4655046545831022
-0.11751852264548523,0.4738592156137209,0.658555862883855,1.1459177987355378
-0.05188504750507057,0.4738592156137209,0.4604999159248301,0.49622514653472005
-0.1452648386548453,0.4738592156137209,0.5323143590756195,0.7183780185517248
-0.49000644383895336,0.4738592156137209,0.12348983292941024,-1.5083735012721387
-0.5467752967565787,0.4738592156137209,-0.32183768740877566,-0.7725518014114333
-0.5452787935304894,0.4738592156137209,-0.14590227168915032,-0.630681328063378
-0.5260528133444151,0.4738592156137209,-0.31277818566500376,-2.814468327479649
0.14761199603079947,0.4738592156137209,0.3297240779233489,1.6665869285878507
0.38431501399345697,0.4738592156137209,0.7208319310210092,0.36491117541830376
0.6315179899290513,0.4738592156137209,0.7678978215610489,0.9963841670432845
0.7813508721408849,0.4738592156137209,1.4005096426434487,1.3389116809573356
0.7800509999428323,0.4738592156137209,1.1124887269790782,-0.5634053295512365
1.1768178116430863,0.4738592156137209,2.025075035588318,1.5551522489820835
1.4792675916781826,0.4738592156137209,1.6589043857100119,1.9064766753333777
1.6771316936921032,0.4738592156137209,1.6375150827789384,2.850492712250805
1.5573617618719044,0.4738592156137209,1.9950870551755846,1.2017688199797618
1.560157147685281,0.4738592156137209,2.241783908265398,1.9771170251273726
1.4623580058242762,0.4738592156137209,1.7925450566828416,1.3434438859007412
1.4175363317474885,0.4738592156137209,1.4558639899019545,1.7471475368244072
1.2955395124307676,0.4738592156137209,0.6536597093706301,1.9784407041805414
0.992746244284775,0.4738592156137209,1.231335378244504,-0.43287297227114707
1.1144656134769795,0.4738592156137209,1.3451856528888522,1.5196135668287511
1.1333273300239062,0.4738592156137209,1.0826184467048514,1.4142965182633447
1.0854476269995303,0.4738592156137209,1.3487246931427455,0.6609887969037702
1.1740194391421006,0.4738592156137209,1.1753436286994066,0.8020052277420557
1.385019100208043,0.4738592156137209,1.6976737853083002,1.5335729185983307
1.570738160163732,0.4738592156137209,1.2465158201002886,1.5511391285997684
1.7821220932691435,0.4738592156137209,1.130003469136134,2.8924377581932745
1.695423199584722,0.4738592156137209,0.7163404465061833,3.152681272305104
1.2093035335388782,0.4738592156137209,0.7822360488066439,0.798881088827948
0.8571574261121695,0.4738592156137209,0.8439885751084707,0.3586635464652597
0.6599448676134092,0.4738592156137209,0.5762879080220205,0.6973721571522753
0.4603234035884641,0.4738592156137209,0.057840026328101535,0.27591173812043657
0.3198416424343199,0.4738592156137209,1.042792378287349,-0.08218479190166872
0.29958091359552597,0.4738592156137209,0.5789269188316147,0.8518389058515732
0.12358434142668365,0.4738592156137209,0.5770082069249958,-0.44651333183591535
0.11386641440523677,0.4738592156137209,1.1949567265452359,0.19790375975663765
0.08131959512918346,0.4738592156137209,0.9801688265045249,-0.057736147357734136
0.08998243345421426,0.4738592156137209,0.9409312205718368,-0.4110931944138043
0.24455510324100954,0.4738592156137209,1.0697943135853332,-0.30885613127669487
0.5621261033707381,0.4738592156137209,0.6950315767729516,1.0844980661409762
0.7359389104551727,0.4738592156137209,0.5039143671650576,0.7775023239276728
0.907115606630059,0.4738592156137209,0.4551879249273145,0.7991796859368216
1.1210273563774082,0.4738592156137209,1.0836009839761414,2.359535618510951
0.9914018988695082,0.4738592156137209,0.47586136196558015,1.505438868855686
0.725892899773142,0.4738592156137209,1.2093852032257524,0.4956873070045128
0.5361356601757894,0.4738592156137209,1.6479658225192666,0.5852658012998404
0.33901183635368015,0.4738592156137209,0.8909901381112965,-0.11529759261570638
0.277458058997712,0.4738592156137209,0.9725296810113309,1.095871908095346
-0.017007412267721064,0.4738592156137209,0.7941253863886556,0.020675469412697933
-0.32257628983831294,0.4738592156137209,0.9354810713600893,-0.22101668671270602
-0.6615942377506145,0.4738592156137209,0.4301392884310003,-2.546813255301468
-0.46438545345889454,0.4738592156137209,0.5404190824612952,-0.3020099791398041
-0.3200017039200327,0.4738592156137209,-0.2874466528666246,0.32149895809288237
-0.36502665871000034,0.4738592156137209,-0.6284113186334268,-1.6840350322399655
-0.033630108177772775,0.4738592156137209,-0.37770733142332485,0.1100289376927005
0.2558341634679804,0.4738592156137209,-0.23655313286170693,1.546397017444279
0.17570450864322837,0.4738592156137209,0.01096323262567761,-0.1436131190019407
0.19006526727491901,0.4738592156137209,-0.004065230169128893,2.341652063390336
-0.4147607510838462,0.4738592156137209,-0.8240321183365602,-0.7981813237287676
-0.9140958941717746,0.4738592156137209,-1.0416342012813318,-1.64843342986928
-1.2129168009195188,0.4738592156137209,-0.7379337683261805,-1.1860827021692564
-1.5349361566688597,0.4738592156137209,-0.9304666938107365,-2.9794330570112817
-1.4591777996883306,0.4738592156137209,-1.9043813031968426,-2.4535472989190614
-1.1147216648762606,0.4738592156137209,-1.5502653182611101,-1.8029485426060141
-0.5856278290553587,0.4738592156137209,-0.7909901366190122,-0.009332151253851562
-0.2304871809356909,0.4738592156137209,-0.48767716286629836,-0.6316861429588194
0.23762726712091756,0.4738592156137209,-0.3312125629661765,1.76135354043925
0.26855353184465947,0.4738592156137209,-0.38458000726721264,1.4113299420158367
-0.027255707511639228,0.4738592156137209,-0.11869395065161364,-0.07431102123891115
-0.30981745442771574,0.4738592156137209,-0.4459274107822373,-0.4092935804582601
-0.5675852881025801,0.4738592156137209,-0.2202547402079522,-0.4988642030412581
-0.8524350051608013,0.4738592156137209,-0.6674927303219189,-1.62848072038808
-0.9239355049746447,0.4738592156137209,-0.46340021343028104,-1.607350817377216
-0.8097588266239005,0.4738592156137209,-0.07099092182322814,-1.3696028885970641
-0.5441515089512748,0.4738592156137209,-0.17789529650991745,1.1614538357235278
-0.7782339729495215,0.4738592156137209,-0.7593508629693433,-2.024544481427919
-0.6621598036087222,0.4738592156137209,-0.7072913798478481,-0.49590482228027144
-0.6025500436871228,0.4738592156137209,-0.7663211019886151,-0.2960039524077346
-0.639176589429879,0.4738592156137209,-0.9998846862984323,-0.400759969141505
-0.7528228228539957,0.4738592156137209,-0.98650036263682,-0.37493830179930376
-0.9852291407614658,0.4738592156137209,-1.1234962077167303,-2.26190832473773
-0.8613411039894452,0.4738592156137209,-1.5092243612756326,-0.9418532382828013
-0.7251613581712826,0.4738592156137209,-0.567052338658392,-0.5210708594825688
-0.6571792385689282,0.4738592156137209,-0.2545427621216722,-1.1432436337760226
-0.4571388695798247,0.4738592156137209,-0.3203973059039378,-0.5765575926639248
-0.22841911039035648,0.4738592156137209,-0.5297587055614595,-0.18739967111142575
-0.014458935624762088,0.4738592156137209,0.2728392353271258,1.2566958059269075
-0.167927611076852,0.4738592156137209,0.22387721179935544,-0.23235852705060073
-0.3049202600214359,0.4738592156137209,0.3384010503308791,-1.0629607359649387
-0.22679318591295836,0.4738592156137209,0.2170270859717104,-0.7081748091985425
-0.012479987732710933,0.4738592156137209,1.0787121107315887,-0.4633627451486877
0.3319371919123719,0.4738592156137209,0.7950830786851145,1.387969091683349
0.37548707063435016,0.4738592156137209,0.07433444267989897,1.8667719651641002
-0.007023134809862483,0.4738592156137209,-0.2959340313909848,-0.6360401361055542
-0.20789574775770017,0.4738592156137209,-0.5371164139918188,-0.5566974476345249
-0.31064477349068365,0.4738592156137209,-0.7508578786991973,-0.2207940164751544
-0.44330816708193566,0.4738592156137209,-0.4119828949537708,0.020404348153148177
-0.7155863819402807,0.4738592156137209,-0.8967680830480449,-1.7352696350294776
-0.7023842381786402,0.4738592156137209,-1.525489699347181,-1.7972492480241429
-0.3818131232535057,0.4738592156137209,-1.3210337201675046,-0.49969626325362193
-0.032047021083929886,0.4738592156137209,-0.7754744731516297,0.570689212525006
0.1431766307443954,0.4738592156137209,-0.06318010669888219,0.1660920828276078
0.31360314699337666,0.4738592156137209,0.6611841979862241,0.6551553192220698
0.38934664326303725,0.4738592156137209,1.17260871866156,-0.2380921122129931
0.6513193433915129,0.4738592156137209,0.8411807279399406,1.825616208626085
0.5823244154266461,0.4738592156137209,0.46907276821138166,0.2074125009258338
0.6290595524982442,0.4738592156137209,0.19368614144513485,0.6148567359973798
0.6879087419081207,0.4738592156137209,0.2572441876344681,0.989527905096188
0.6683784126709483,0.4738592156137209,0.2608108942681568,1.578550909732689
0.3944049110227261,0.4738592156137209,0.8152158969259296,0.6736474829634433
0.04477900207052449,0.4738592156137209,0.6508031916504057,-0.26962192922164463
-0.21344423115345496,0.4738592156137209,0.26355183954231887,-2.593374005449124
0.2131913375022482,0.4738592156137209,0.4631178126007337,0.8638818184340653
0.45455315893567216,0.4738592156137209,0.44094773644580687,0.771513217423797
0.6101317090608689,0.4738592156137209,0.4562284455393933,1.40874858622141
0.5427544742942445,0.4738592156137209,0.6932011846430665,-0.26015323662531875
0.7142541194334254,0.4738592156137209,0.5004612360879395,2.0001001189561984
0.5233603230210847,0.4738592156137209,0.6079588249532694,-0.09014595600107722
0.5163771481831233,0.4738592156137209,0.9808475158846683,1.3406975465448243
0.27781835822184564,0.4738592156137209,0.47849497767405785,-0.4289826555082141
0.24699677679760546,0.4738592156137209,-0.047466115160052,-0.35769855351647184
0.3940209220299335,0.4738592156137209,0.01818806289191561,0.6646141060738072
0.46788663344510345,0.4738592156137209,0.1902247025372268,-0.5193413734483535
0.8329271297810671,0.4738592156137209,-0.4328664807346694,2.3132567230186574
0.7808978754913474,0.4738592156137209,-0.05215577040856928,1.4003464380142319
0.5598503308254917,0.4738592156137209,0.2701649629138124,1.0035983388335472
0.21773057489577632,0.4738592156137209,0.21235005272751314,-0.3758153114876972
0.04986270919795607,0.4738592156137209,0.33452328104100926,-0.010685289940998377
-0.09987747548664856,0.4738592156137209,0.5567120622003587,0.1402696781125619
-0.32026959762870844,0.4738592156137209,-0.059628924235988645,-2.340847446295308
0.03901764672746348,0.4738592156137209,0.17347465091597927,1.1799465893092076
0.06918010414711583,0.4738592156137209,0.077056033566906,1.1459906521747
-0.21087390746035248,0.4738592156137209,0.45496433385473023,-0.22384703428395403
-0.4898652766969947,0.4738592156137209,-0.43942966385487797,-0.3703413686449382
-0.8096260627096343,0.4738592156137209,-0.30946554748920563,-1.7061751310068285
-0.880678292121071,0.4738592156137209,-0.19604804455532288,-1.0115038472620173
-0.9251491935928186,0.4738592156137209,-0.2634398626711394,-2.314351792666118
-0.5800519182113546,0.4738592156137209,-0.28483519015080594,-2.3774788052762466
0.2769467840627803,0.4738592156137209,-0.2174354517190763,1.176125103892613
0.8776939102161432,0.4738592156137209,0.940239486723548,1.9075954283249925
1.1920729163875212,0.4738592156137209,0.9229526366607229,2.0643874921341463
1.269615140599196,0.4738592156137209,1.1962297314362094,0.7559826062667401
1.5117170164732483,0.4738592156137209,1.2609886145972475,1.2585120042155975
1.8462224195698553,0.4738592156137209,1.2248364426675011,1.9511192358689806
2.1739332085889402,0.4738592156137209,1.7352991386611705,4.062970050208088
1.9835731740974434,0.4738592156137209,1.845172034604757,1.9972591318035766
1.8145190202330816,0.4738592156137209,1.8072056835895942,1.579993280410076
1.7363278689816921,0.4738592156137209,2.446880252838112,1.4463500686294455
1.764024448414625,0.4738592156137209,2.509073502895337,1.239168380345524
1.9658192925473053,0.4738592156137209,2.1899555201478824,2.738467990178561
1.9694247477877544,0.4738592156137209,2.9799559269265257,2.6066806683202386
1.8140025658080812,0.4738592156137209,2.0892662562134134,2.5306500162862346
1.474636800576865,0.4738592156137209,0.9490091117381432,1.635989812149036
1.1074339034854253,0.4738592156137209,1.312588961263132,-0.5784384662433895
1.2413929333658043,0.4738592156137209,1.2890755499697695,0.9385472552227736
1.4786545499213732,0.4738592156137209,0.7219463961104263,1.0326464752304332
1.8636006952595865,0.4738592156137209,1.820161830847088,1.978279995200646
2.2391473084256943,0.4738592156137209,2.244256422733987,3.761114236557718
2.2035024101680563,0.4738592156137209,1.7838509592689324,3.4114744315573535
1.8469272138103037,0.4738592156137209,1.2919251446389513,1.5625990841600133
1.5960159511438452,0.4738592156137209,1.1610569780340827,1.2383538175120856
1.4687600511499166,0.4738592156137209,0.6947503260131521,1.7472798995702354
1.2797419343281176,0.4738592156137209,0.4724724853462733,0.6663573661132483
1.284231428595476,0.4738592156137209,0.8945131953100627,2.3710951107901552
0.9910731277986105,0.4738592156137209,0.8717078741150336,-0.02387607246061918
1.003760967681498,0.4738592156137209,1.1786104452042903,2.770355748995086
0.5188507019283964,0.4738592156137209,0.835704644931353,0.21263559148464173
0.1290152488870601,0.4738592156137209,0.711721100037807,-0.7032546196793481
-0.018729177527918323,0.4738592156137209,0.03098924460609942,0.14791307724077696
-0.21485612253923764,0.4738592156137209,-0.1090710131952932,0.1116156527948259
-0.5080389367543415,0.4738592156137209,-0.1730545430753535,-1.43990189534194
-0.538470220333904,0.4738592156137209,-0.8069076016934985,-1.1585789577966124
-0.39660528630820746,0.4738592156137209,-0.321459176757676,-0.9281679732862772
-0.10621907308623714,0.4738592156137209,0.27243757614451464,1.242248802776774
-0.20676648911694523,0.4738592156137209,-0.0956009076143054,-0.6248512926697534
-0.18915960626401468,0.4738592156137209,0.6121665108733355,-1.8119898523509326
0.29488444267984903,0.4738592156137209,1.1773106450985849,2.211837032125726
0.22886385666482387,0.4738592156137209,0.670693373658038,0.39534314234649637
0.11766081193031176,0.4738592156137209,0.38364331885893055,-0.7666594150891206
0.26344188154239295,0.4738592156137209,0.7657999505538513,0.0623792574725619
0.4706660317182015,0.4738592156137209,0.2572481398288976,0.9808149759862784
0.5364985973504452,0.4738592156137209,0.054323894038156434,0.5110802327563809
0.6165067399708749,0.4738592156137209,-0.16107785688808351,1.5605294642422198
0.43163160280025414,0.4738592156137209,0.2712939862874325,0.026010659807603337
0.36943956531465744,0.4738592156137209,-0.6047956895880541,1.0043377769103374
0.12852601338255626,0.4738592156137209,-0.378470349413058,-1.224856724388541
0.28025009374881915,0.4738592156137209,-0.5862018430014344,0.0022680032558284324
0.5158538241730964,0.4738592156137209,0.05818259148451155,0.5640203723412537
0.7441110791980236,0.4738592156137209,0.31131254770278727,0.8991395683188573
0.9370555069477693,0.4738592156137209,0.7396106076825164,0.2771022791200784
1.3325975836913135,0.4738592156137209,1.2448587479483373,3.2079330387748035
1.20331325433805,0.4738592156137209,1.3355283450797104,-0.2713177770154309
1.515382857245805,0.4738592156137209,1.30328550306808,1.9940235180467036
1.7084677814127602,0.4738592156137209,1.2207854901305886,3.081560681826015
1.5266139054096806,0.4738592156137209,1.0892537950462928,2.1553327636810833
1.1825598229308476,0.4738592156137209,1.1426760559780798,0.6106005912303376
1.0188077402713527,0.4738592156137209,1.116537868041132,1.4733168283096025
0.7367191013584214,0.4738592156137209,1.2599971965545504,0.3848939732313016
0.5656567488175824,0.4738592156137209,0.9985286604996277,-0.41748145586410024
0.6858326661653242,0.4738592156137209,0.8371087032724011,-0.04189013064199376
1.0249860928844117,0.4738592156137209,0.6468430519520345,1.4374844666288695
1.2580188053192236,0.4738592156137209,0.6925256536951669,2.051862806751136
1.277725174717534,0.4738592156137209,0.8859475165713235,2.1600160907945956
1.0588032736434125,0.4738592156137209,1.524127362384355,0.6625971674567174
0.9678311924688179,0.4738592156137209,1.0763977061759276,0.31297305692484867
1.078376669000315,0.4738592156137209,0.30313010537594687,2.2138336842314827
0.8746139658195126,0.4738592156137209,0.040321944606509535,0.822123369561181
0.6971539152826121,0.4738592156137209,0.1479078510932941,-0.2929955519751727
0.814632285731852,0.4738592156137209,0.07740241100877024,1.4454412093630422
0.7602398762651511,0.4738592156137209,0.3313090603809662,1.0789155560963881
0.6234613134409759,0.4738592156137209,0.5816310234613834,0.5817726640869243
0.5066663447405596,0.4738592156137209,0.1273108061993326,0.24861640720035733
0.4708758008348053,0.4738592156137209,0.3191661141070689,-1.4443922507262363
0.9944148030066641,0.4738592156137209,0.7359645410456628,2.2270288041627375
1.1745071381736405,0.4738592156137209,0.8490534771431596,2.094438600027844
1.1037821772369276,0.4738592156137209,1.3764232272936803,0.6328428671512667
1.183170720564852,0.4738592156137209,1.4102155887375682,0.626850335856482
1.4383508804278855,0.4738592156137209,1.2713174140548118,1.646823601432153
1.6516186398857127,0.4738592156137209,1.8468342327894536,2.7836170900324144
1.55887737932176,0.4738592156137209,2.0578873646956293,1.1997923795649925
1.5897296148617683,0.4738592156137209,1.4165123805448245,1.6885335578488827
1.6122811950115374,0.4738592156137209,1.6343391553495334,3.7295597405351146
1.0436691001217462,0.4738592156137209,0.7764662714982621,-0.15332105760666248
0.8341657252445823,0.4738592156137209,0.52796263839248,0.37196731463274346
0.7688171183542231,0.4738592156137209,0.9894706997384161,0.44629974938990913
0.8064363517089932,0.4738592156137209,0.5254097041569047,0.6017300165782989
0.9134661279385774,0.4738592156137209,0.49985640221259586,1.962222037603767
0.7291361718802801,0.4738592156137209,0.7213630947353258,-0.1373541876682599
0.8044260093862623,0.4738592156137209,0.7919852122099336,1.6695166779952695
0.6400296027067671,0.4738592156137209,1.044647026985036,-0.3361395921047994
0.7658051766399282,0.4738592156137209,1.2213880854796182,-0.11062087727314784
1.1545379916609677,0.4738592156137209,1.046971518403161,1.927584123306274
1.3346353231315582,0.4738592156137209,1.362512356244741,1.958301343595159
1.3515474912111465,0.4738592156137209,1.3635996668328558,1.6114981008016385
1.3105695691118353,0.4738592156137209,1.2150266373793206,1.855637233107964
1.1288075850586066,0.4738592156137209,1.3048096529132762,1.4955843758751137
0.8554562603068473,0.4738592156137209,0.7258414063346107,0.550171020265974
0.6811976111097255,0.4738592156137209,1.3187177535181487,0.23178013039308043
0.6454532629741244,0.4738592156137209,0.9055432372593328,0.15472480394571786
0.7597030344376797,0.4738592156137209,0.13450728457773176,1.1259632689781678
0.7778123343833777,0.4738592156137209,0.732127360851014,1.2209968629371437
0.6777878561577004,0.4738592156137209,0.39913319488753835,-1.0568152980337258
1.0875326059502628,0.4738592156137209,0.7189284598197835,1.2268653706084318
1.4708724298893001,0.4738592156137209,0.8099265659665945,1.7860057462440748
1.781899072410508,0.4738592156137209,1.04947827217009,2.532327517487013
1.8988137642082927,0.4738592156137209,1.176896285266312,2.2216030597319034
1.9466530384110543,0.4738592156137209,1.6348142744967396,1.8832330262009271
2.037604440363867,0.4738592156137209,1.7379921094018689,1.7346646210667502
2.2420249938982155,0.4738592156137209,2.1971835246283566,2.412188598867035
2.425835294895531,0.4738592156137209,2.7334506497717634,2.976251369388644
2.4815187114693,0.4738592156137209,3.0135262505354223,3.3471204708064506
2.3187251876985293,0.4738592156137209,2.534599026116106,1.967894920984861
2.2868166078200023,0.4738592156137209,2.2461207448721403,2.348448573063734
2.266223658680547,0.4738592156137209,2.5524479469089254,2.201129182766703
2.2932961772240574,0.4738592156137209,2.612991271500042,2.5362681509717033
2.27937655414486,0.4738592156137209,1.9515758978140036,2.79330082512051
2.1460076807749853,0.4738592156137209,1.779726082441367,2.029565976205043
2.0736079252554904,0.4738592156137209,2.5618725806324916,2.9195578086734413
1.7832142360520264,0.4738592156137209,2.720160517411155,2.8921542731987553
1.1951490556166955,0.4738592156137209,2.4964097522219464,0.300407124466084
0.8808001759947207,0.4738592156137209,1.3317100239880597,0.4104375743730928
0.7135586183665467,0.4738592156137209,1.1637280081644024,0.6450748780538487
0.5751892731888568,0.4738592156137209,0.6676316065507821,0.2614072542222557
0.5347983132677562,0.4738592156137209,0.6918886352549928,0.5518940662320603
0.4962786779760284,0.4738592156137209,0.2013629535075343,0.4372381448417232
0.4811360977382626,0.4738592156137209,0.08318595876789235,0.034367615751939994
0.6011948196827206,0.4738592156137209,0.07752111787948061,0.8293220935798884
0.6630020394368701,0.4738592156137209,0.4865512464761747,-0.16774989130553958
0.9732618063761953,0.4738592156137209,0.9792508250197569,1.0323668566906299
1.2788397633406217,0.4738592156137209,0.6703368227473658,1.8448697238794811
1.4371734533408667,0.4738592156137209,0.7536432861377866,1.8299016142002202
1.5003471757059097,0.4738592156137209,0.7237879292401925,2.162508136394243
1.3913245605902556,0.4738592156137209,0.920372763435237,1.251689874859324
1.3403611406130338,0.4738592156137209,0.4215341326193387,1.1002604909586715
1.3758331799411663,0.4738592156137209,0.29923895624642555,1.0478741056986887
1.5235752577170751,0.4738592156137209,0.6366955676131187,2.0712556557340798
1.532490962010328,0.4738592156137209,1.013028594128376,1.696018559416542
1.5136780273621913,0.4738592156137209,1.1433985778141036,2.5003106220935076
1.2290965899376665,0.4738592156137209,0.8473922942807206,0.8005039191423783
1.0839902604492353,0.4738592156137209,0.838628564881296,0.9442552970213999
0.9930583438860835,0.4738592156137209,1.1045830004605641,1.4938369913644234
0.7700943938003573,0.4738592156137209,0.9962695085013364,0.221542411165372
0.7154173928359585,0.4738592156137209,1.5290549888026774,1.4328947121235924
0.4625671054827197,0.4738592156137209,1.2500849928595477,2.5171787378507657
-0.37798303615971873,0.4738592156137209,0.2239092544255875,-0.5948688827668013
-1.160686902067684,0.4738592156137209,-0.9907650997651842,-4.882127052594496
-0.8830237267000999,0.4738592156137209,-0.6683718155231927,-0.42625701582956
-0.7485682495006813,0.4738592156137209,-0.5083306935605909,-0.6371474475005492
-0.6558356067311588,0.4738592156137209,-0.5806256328759022,-0.5822849118866972
-0.5927039774103225,0.4738592156137209,-0.267287086536215,-0.7164315821284131
-0.501374450289607,0.4738592156137209,-0.5004250720088932,-1.1178480944262021
-0.23832651062106466,0.4738592156137209,-0.5430861398354424,0.2873583441822518
-0.1301872550269294,0.4738592156137209,-0.07060036594608515,-0.22845821587850576
0.004685237258229932,0.4738592156137209,0.24270103523040018,1.8410626656050837
-0.39092377277343177,0.4738592156137209,0.6267677364256885,-0.7041046107617668
-0.701031063097848,0.4738592156137209,0.7750012267877938,-1.6045502110226573
-0.7590331917146087,0.4738592156137209,0.22398787529052583,-1.0304953126447018
-0.7482740991142378,0.4738592156137209,-0.8437750090196033,-0.9254859978911246
-0.6958462645583738,0.4738592156137209,-0.8532897751221004,-0.7286180019358783
-0.642811730084545,0.4738592156137209,-0.44466962093196355,-0.9395124549143257
-0.5122443566677012,0.4738592156137209,-0.5389482219576508,0.0834456719579375
-0.5602988198734562,0.4738592156137209,-1.2737971517624476,-0.5048849021805406
-0.6314978511926794,0.4738592156137209,-0.6330516383606647,-1.2291279603423553
-0.5380795458871039,0.4738592156137209,0.13893721360921207,-1.2207795924666707
-0.25427701900188693,0.4738592156137209,-0.3851311285460345,-0.2226939076870548
0.0171628509602806,0.4738592156137209,-0.09900061178266267,0.6928210485197206
0.09361931332671894,0.4738592156137209,-0.06392888368629221,-1.03001780954702
0.49589391276871936,0.4738592156137209,0.470089202445739,0.9812376294683367
0.7642645811383276,0.4738592156137209,0.9025589908698818,2.1973754017119265
0.6283329196372636,0.4738592156137209,0.8505244951844708,1.3990830540783787
0.2777281367575864,0.4738592156137209,0.6272683288159017,0.38055293360855114
-0.09904665362757246,0.4738592156137209,-0.17878875205746347,0.6692936058242093
-0.6990611627892709,0.4738592156137209,-0.3928847606463812,-1.7544951109083848
-1.003056268583705,0.4738592156137209,-0.8652124946797539,-1.7961352131982167
-1.0906992370386606,0.4738592156137209,-1.1894179916304375,-1.1373040967816406
-1.1787672890591028,0.4738592156137209,-0.9898401695144816,-2.0289689296137445
-1.036217686611395,0.4738592156137209,-1.3156407050113836,-0.5363779102151172
-1.0512707167289899,0.4738592156137209,-1.2190028564193258,-0.720285623762247
-1.1753348760571616,0.4738592156137209,-1.665333335613861,-1.667167431833254
-1.1722727880164467,0.4738592156137209,-0.7400997757472445,-0.5323780381680155
-1.3690087044438124,0.4738592156137209,-0.8899943670647544,-1.3968057859411527
-1.575147527611081,0.4738592156137209,-1.4820486755348616,-2.6848165416479226
-1.4807546249663495,0.4738592156137209,-1.5615258783747583,-1.3628723469155535
-1.4392753564111838,0.4738592156137209,-1.1567899007812383,-2.3440897674217083
-1.1547178989776297,0.4738592156137209,-0.6716372486971882,-1.0409142850637774
-0.917743804125251,0.4738592156137209,-0.18124156780858497,-1.0025588942407477
-0.6679531098089492,0.4738592156137209,-0.1915956182290768,-0.5450388712165062
-0.46217918249380874,0.4738592156137209,0.5910941324644443,0.1251133900706693
-0.4319634574343025,0.4738592156137209,0.14518933563668057,-0.36860917790308545
-0.42555203320720975,0.4738592156137209,-0.8037614621609517,-2.6014722039613494
0.20407742572247226,0.4738592156137209,-0.32097521066325246,2.5860346494691555
0.1481430579594292,0.4738592156137209,-0.3436355031277999,-0.4125419676119356
0.25608070464473925,0.4738592156137209,0.10658524585827678,0.5562731323163669
0.28055190531303603,0.4738592156137209,-0.08461241986235926,-0.5209796941521201
0.5401633961013782,0.4738592156137209,0.31677095978173186,0.4390784568850445
0.835857689941371,0.4738592156137209,0.9734687897186566,2.20237336163475
0.7474011211898718,0.4738592156137209,0.8582061928351599,0.9599152714448543
0.6070656476333485,0.4738592156137209,0.41870575232568624,1.1475199492531047
0.3183201611352413,0.4738592156137209,0.5869594678015355,-0.7257509177092123
0.3352671296562991,0.4738592156137209,0.5611606800438196,2.1865707568627863
-0.17836987843257018,0.4738592156137209,-0.41417590841716356,-1.1780486279638458
-0.40546476541595783,0.4738592156137209,-1.0443606900821245,-1.364840164040332
-0.3605533698718831,0.4738592156137209,-0.5313703876723291,1.180018767538475
-0.7653145753319857,0.4738592156137209,-0.9955224500886585,-1.523955014962891
-0.9606456224503588,0.4738592156137209,-1.1255233676916505,-1.1089120808269601
-1.12537489842508,0.4738592156137209,-1.278844572644319,-1.5350431075719277
-1.1860795154346302,0.4738592156137209,-1.0255151712108035,-1.4703924440386447
-1.179748458394091,0.4738592156137209,-0.8123398755509931,-1.0788493508297474
-1.217591321659583,0.4738592156137209,-0.7037221443121193,-1.780544981783126
-1.108298711632332,0.4738592156137209,-1.1844737128235285,-0.26663401690874167
-1.2562820528936018,0.4738592156137209,-0.9358051375337665,-2.171177994772614
-1.1559442557614625,0.4738592156137209,-0.25556071264266544,-1.84176870016022
-0.8721877856307525,0.4738592156137209,-0.3281654472724891,-1.1419128250230872
-0.5216129170416548,0.4738592156137209,-0.09102306103420418,1.3810213714452428
-0.7273637322347126,0.4738592156137209,0.10719849967518126,-1.1755320855815705
-0.8128984719938589,0.4738592156137209,0.22703989582811307,-1.277441238109496
-0.7745757072775665,0.4738592156137209,-0.07751533880578218,-0.3014099740117827
-0.8828173901586869,0.4738592156137209,-0.2906909419315158,-1.2188900170135526
-0.9052077957062297,0.4738592156137209,-0.2703365423680517,-0.8797142355852788
-0.946490835317069,0.4738592156137209,-0.7333554620771758,-0.369147116254214
-1.1666252636032868,0.4738592156137209,-1.1725345634375373,-2.4447913105315626
-1.0323457645517555,0.4738592156137209,-1.4864333624524388,-1.7593167346985779
-0.7011861316728328,0.4738592156137209,-1.0760772716046156,-0.31654059288378045
-0.49008231628899074,0.4738592156137209,-0.6173438302644982,-0.13314141433320753
-0.3883419673081411,0.4738592156137209,-0.03955438931144328,0.2330638024432325
-0.4710750600219035,0.4738592156137209,-0.9089614108533837,-1.3523170376989022
-0.30521062973966606,0.4738592156137209,-0.79288800047384,-1.233458434736529
0.12494381022124988,0.4738592156137209,-0.4495819795533287,0.3137123891777489
0.50215290096044,0.4738592156137209,0.05946054255745575,0.24112632266528827
0.961168910502895,0.4738592156137209,0.911888569872245,0.9382447286586303
1.4390478819398613,0.4738592156137209,1.2957214756595639,2.5875231164496437
1.6034505997437778,0.4738592156137209,2.0169686977011567,1.4155989503071909
1.8425440235309867,0.4738592156137209,1.9944104511957534,3.159440045103358
1.7246416801703317,0.4738592156137209,1.107509440320074,1.973593115953507
1.5567781515200232,0.4738592156137209,0.8355566088224242,1.5745263202318367
1.4036118774212363,0.4738592156137209,0.8416649000756595,1.6377764608910885
1.2006682754422542,0.4738592156137209,0.6492690609948285,0.9132898726108181
1.0960400567796889,0.4738592156137209,0.8114668234107739,1.0523425230023027
1.0179938726066082,0.4738592156137209,1.0242703731350824,1.5142324159613338
0.8095448618366436,0.4738592156137209,0.9286139677428304,1.3396082971536394
0.4582663002333806,0.4738592156137209,0.8614247016562627,-0.06448704404685723
0.26385031701786477,0.4738592156137209,0.19926984278935234,0.6480697031445453
-0.0382090948851079,0.4738592156137209,-0.4337861338885718,-0.08007371747044872
-0.32866012423716967,0.4738592156137209,0.15479964330027035,-1.0156348881822388
-0.42482508421639875,0.4738592156137209,0.08389099670246325,0.07154615035728437
-0.6698048049595545,0.4738592156137209,-0.2846223202556716,-0.43182068583189803
-0.9920692964893453,0.4738592156137209,-1.031299606321996,-2.596964137295857
-0.8633029400896383,0.4738592156137209,-1.383868483754057,-1.1965142872361165
-0.6492634412908246,0.4738592156137209,-1.2113614851655132,-0.6756625437057046
-0.43586512787660153,0.4738592156137209,-0.5772897512182227,-0.3736539993279642
-0.2459905375540752,0.4738592156137209,-0.9604479838045554,0.9507843860628786
-0.40500443556880117,0.4738592156137209,-0.9938660612043893,0.20916237232519563
-0.7466125814105401,0.4738592156137209,-1.67141854294865,-2.3551748859965573
-0.6330045535354212,0.4738592156137209,-0.8902830598691224,-1.0361382066260314
-0.41098964440858826,0.4738592156137209,-0.6455062116714453,0.6675345272870065
-0.5058010097222709,0.4738592156137209,-0.6894238360319218,-1.1019392032694038
-0.43482537411482025,0.4738592156137209,-0.8415265576296935,0.007022771496231317
-0.49703977951020745,0.4738592156137209,-0.5993261406941968,-0.3556415543096202
-0.6064345954093576,0.4738592156137209,-0.8981582961778332,-1.7776068906297193
-0.3851929059755305,0.4738592156137209,-0.6461370729068756,1.119102343730776
-0.6034569655444931,0.4738592156137209,-0.663660975749927,-2.3912504438542275
-0.31290080344411925,0.4738592156137209,-0.5064371342079534,0.15678641392205683
-0.16202491775809355,0.4738592156137209,-0.3732016934648181,1.011468733165278
-0.3522421506521147,0.4738592156137209,-0.36753859090939156,0.09714368744558449
-0.6767754547947247,0.4738592156137209,-0.7561571071898296,0.275778667712655
-1.2851261349342202,0.4738592156137209,-1.1231725284744256,-2.046205043422499
-1.6899617153135,0.4738592156137209,-1.276342564626812,-1.8622750702445086
-2.0665357088751457,0.4738592156137209,-1.560660854218059,-3.5013490752927883
-2.054899286667759,0.4738592156137209,-1.8856221160735438,-2.879830677729906
-1.8311030620183923,0.4738592156137209,-1.9588660871686345,-2.67303893974271
-1.3873843938838257,0.4738592156137209,-1.63398027763561,-1.5873971778773728
-0.9035484217149952,0.4738592156137209,-1.2418454282062115,-0.657809092867875
-0.5022143614077843,0.4738592156137209,-0.7396790132001096,0.3204466071890102
-0.3449477646451774,0.4738592156137209,-0.5592343636172659,0.15101628605130113
-0.33536109174524925,0.4738592156137209,-0.46173264001841974,-0.5090183994693762
-0.2798743742943817,0.4738592156137209,-0.17124050912354788,-0.5695611902459263
-0.1442593499729698,0.4738592156137209,0.11376195523015059,1.4779646069580405
-0.47915225944311596,0.4738592156137209,-0.42826045866441076,-1.3710972962281314
-0.5624583230015796,0.4738592156137209,-0.6624752791372073,-1.66161960794898
-0.33537230549665736,0.4738592156137209,0.09356666798958502,-0.5778138014703719
-0.042514194987010506,0.4738592156137209,-0.01880999516211515,0.33968173913960287
0.13938367174101673,0.4738592156137209,0.3754238319937173,0.2972014938281883
0.2774619451897492,0.4738592156137209,-0.02208141778333278,1.1153863703793612
0.1769918441862088,0.4738592156137209,0.06223438559563545,1.0811733271245423
-0.18244815633566608,0.4738592156137209,-0.6446132576530784,0.6446949647322339
-0.7831784755220786,0.4738592156137209,-1.3011709338119044,-2.862793657315681
-0.7930680854307712,0.4738592156137209,-0.9093963586797548,0.16089157531963394
-1.088662070493834,0.4738592156137209,-1.5461882633312571,-1.3664261026307702
-1.3178718356603665,0.4738592156137209,-1.9782069974406151,-1.1763140712074902
-1.6047610009036912,0.4738592156137209,-1.9919115125823905,-1.4515945388196734
-1.9563367873197985,0.4738592156137209,-2.288058739379419,-3.519078367853025
-1.8813395501758603,0.4738592156137209,-2.80669797409566,-2.624589725375015
-1.6155705365170872,0.4738592156137209,-2.370981967991712,-1.192268341567963
-1.49266973658616,0.4738592156137209,-1.9412021511026565,-0.6739994847527084
-1.6252964249094917,0.4738592156137209,-2.0013019885129433,-2.6040161142522313
-1.4958621054509507,0.4738592156137209,-1.8490060029952573,-1.475008623321909
-1.3915015677223141,0.4738592156137209,-1.336320356623292,-0.5577331126717847
-1.5457421580713024,0.4738592156137209,-1.008298205515386,-2.037329273189153
-1.5776443673030365,0.4738592156137209,-1.1880814616492212,-3.471172621521881
-1.0825847063868426,0.4738592156137209,-1.340636514903843,-0.3398407868948097
-0.8158946976952223,0.4738592156137209,-1.418317579813569,-1.7089811385927032
-0.3015763355939208,0.4738592156137209,-0.24333514686209856,0.614702906653612
-0.05581732632565778,0.4738592156137209,-0.6379518587097,-0.21929442147853756
0.23646045318348966,0.4738592156137209,-0.49719082801979037,1.2889054421358512
0.22769136330465511,0.4738592156137209,-0.0026786837619116044,0.08038023465577979
0.26438093820378206,0.4738592156137209,0.5349395783356747,0.17752645367828912
0.329530091225907,0.4738592156137209,0.6411471618887595,0.7096728024666806
0.28904999300206363,0.4738592156137209,0.2721745677268344,1.19097833178709
-0.008322050892007027,0.4738592156137209,-0.6970939745561404,-0.27523141270416585
-0.22868825289692338,0.4738592156137209,-0.2919975477297045,0.20546568469856236
-0.577396533927321,0.4738592156137209,-0.45046444714954736,-1.5864003809491891
-0.6419500243378051,0.4738592156137209,-0.8339376316643117,-1.0528380589960122
-0.5959702593676223,0.4738592156137209,-1.2724684306390746,-0.48608728502820153
-0.589325779287829,0.4738592156137209,-1.1187860756602814,-0.4990173577164909
-0.6162767565690931,0.4738592156137209,-0.8306039973779299,-0.13904302187383177
-0.7889515927676954,0.4738592156137209,-0.8261623644674109,-1.742992106928659
-0.6960449471668775,0.4738592156137209,-0.3744887550668901,-1.5329460947188682
-0.3702160098372663,0.4738592156137209,-0.7344163533537243,-0.3808953764634489
-0.04601625640842432,0.4738592156137209,-0.3806889303884161,0.9068547164590001
0.002306993045164688,0.4738592156137209,-0.5828493451188081,0.03861051341141508
0.040171302059323656,0.4738592156137209,-0.7055547248513112,-0.2789172670851245
0.17073389849117546,0.4738592156137209,-0.6135987013775479,0.7106589024221353
0.1474829265079361,0.4738592156137209,-0.6969429993843705,0.09672117106082012
0.14077547330440693,0.4738592156137209,-0.626800753950948,-0.36036353875809113
0.2806429883601615,0.4738592156137209,-0.1257335996703603,0.09915606480667163
0.47651708682896426,0.4738592156137209,0.4245250580232972,-0.273741952082425
0.8952140266684959,0.4738592156137209,0.6364869787031026,2.150491931729454
0.9626532792108005,0.4738592156137209,0.8969054557805056,1.1061528875356037
1.0008935005655026,0.4738592156137209,0.7451748424358832,2.3427903585925547
0.6641970427297572,0.4738592156137209,0.8164580763576341,-0.6292592673219293
0.7096465999748925,0.4738592156137209,0.45906739209517916,0.23394144793714333
0.9015674184640032,0.4738592156137209,1.0089023748569588,1.901837973997022
0.8159847088240803,0.4738592156137209,1.5758252718069676,0.4524094055717438
0.8458323952111175,0.4738592156137209,1.2773265733308552,1.4161962412765623
0.7216695888502199,0.4738592156137209,1.127121808488722,-0.08179896241563434
0.8388240898609904,0.4738592156137209,1.0631817756780433,0.24894396851184541
1.1370807425040133,0.4738592156137209,1.4054317981024032,2.1212736589994368
1.165477947434717,0.4738592156137209,1.576404431159935,1.3395527297649275
1.1584256318126156,0.4738592156137209,1.5694881970080177,1.6789560645960513
1.0157407378687404,0.4738592156137209,1.0180952990033112,0.42229653902922015
1.0574406279121076,0.4738592156137209,0.6199833427668473,1.0229521477182002
1.1225704530698275,0.4738592156137209,1.3241009349931334,0.3323911709259769
1.4302835087224965,0.4738592156137209,1.6215896744687541,2.3816001410157046
1.4813690799811858,0.4738592156137209,2.209344647771072,1.655735524349358
1.5009435878476192,0.4738592156137209,1.6130660925414761,1.423103122331238
1.5621204910862188,0.4738592156137209,1.3953416852923164,2.854341111191874
1.2698594507223302,0.4738592156137209,1.4061711332283888,0.564947129250635
1.1974231252487106,0.4738592156137209,1.2387788111259095,1.1006121783443046
1.168204702658739,0.4738592156137209,1.2528828608643403,1.5470915560255885
1.0443999681246652,0.4738592156137209,0.7796189374783805,0.7196078166861106
1.0277296867970076,0.4738592156137209,0.9688207360942709,1.243183824961614
0.9619009675459106,0.4738592156137209,0.5646204444220011,1.6922405599896364
0.6973218176890874,0.4738592156137209,0.46554176539567405,0.8466692319834384
0.39847530082909544,0.4738592156137209,0.44902512577801357,1.009003419085362
-0.07168229888623698,0.4738592156137209,0.38600844793151556,-1.3289621639737326
-0.1795165555961924,0.4738592156137209,0.5178648339943887,-1.4543262466091451
0.07866379246002261,0.4738592156137209,0.5092233171104145,2.156752885572555
-0.26252732439366655,0.47385921561372096,-0.9892648172609091,-1.6971657241174494
-0.19258540366834198,0.4738592156137211,-1.0258828647064482,0.3165775206837502
-0.2721963850110115,0.47385921561372113,-0.9749415256798055,-0.4634586049844095
-0.30001677835587387,0.4738592156137216,-1.2382429627154894,0.10970930557322078
-0.4500302219374084,0.4738592156137229,-1.1935343613320522,-0.838559420087151
-0.4935260153005627,0.4738592156137266,-1.2817712815691222,-1.0325239291228714
-0.38758668337121827,0.47385921561373784,0.0011906749136734174,-0.9685046072385997
-0.11875218158620597,0.473859215613771,-0.19255794824162287,1.3612660194749644
-0.27901664116246094,0.4738592156138689,-0.3995642689465685,-0.23933657625169058
-0.4542980663398775,0.47385921561415895,-0.8317864075095901,-1.158266998955087
-0.4319836364741012,0.47385921561501737,-0.47335341406615783,-1.2916908360977728
-0.16679540822022643,0.47385921561755784,-0.06616023357652107,-0.2344057624575439
0.11580182461367068,0.4738592156250769,-0.2500414088097757,1.0948337035458366
0.1170251753291315,0.4738592156473308,-0.4270349993111898,-0.11624208207771553
0.18713118518671978,0.4738592157131953,0.2179405395412659,0.31870709946067305
0.22160709791754574,0.47385921590813285,0.6353135625280246,0.5456010340264278
0.1653011522000989,0.47385921648508483,0.26613042914708485,0.5700636016609566
-0.005838220155832796,0.47385921819267574,-0.5706182772410182,-0.3792405243442208
-0.06917362910564519,0.4738592232465916,-0.22604890608922373,-0.9705738253905534
0.12703034260265758,0.4738592382045447,0.5897811230891725,0.26549212579888687
0.2848494906307772,0.47385928247523695,0.9696778693017166,1.2353344101081154
0.17169489537615557,0.4738594135021188,0.6285409301985669,-0.8720903594785276
0.36228297720201436,0.4738598012990263,-0.00851501899952345,1.3062136518910323
0.2847769567734082,0.4738609490503726,-1.0213918139103373,-0.13153868965051918
0.33117368154068805,0.4738643460062148,-0.50571763088254,1.2270229743599252
0.12297116055887901,0.47387439975225903,-0.7674997487735339,0.7010226440232906
-0.2506681475343247,0.4739041543334996,-0.3869428214015817,-0.9576366266631791
-0.42325188430127103,0.4739922073090974,-0.013688917874775719,-0.5834300022275014
-0.5549490470969317,0.4742527197920738,0.21401461849707828,0.07458954288754563
-0.8755909355522531,0.47502291516532796,-0.22563900011784344,-1.6379933097635315
-0.987120134641663,0.4772951613585436,-0.626768956708545,-1.3936141619233373
-0.99378110889323,0.48395776397742934,-0.8983507496507048,-2.0881407769119598
-0.6969299061174394,0.5031602163308032,-0.5409194338243997,-0.8442416405865801
-0.36639446643669465,0.556121494516984,0.09967935314336696,0.6262804390089538
